{
  "local/helper.py": 1775674776.6513805,
  "wiki/graphify-out/GRAPH_REPORT.md": 1775674760.2327693,
  "wiki/graphify-out/wiki/Community_1.md": 1775674776.886565,
  "wiki/graphify-out/wiki/Community_0.md": 1775674776.8863792,
  "wiki/graphify-out/wiki/index.md": 1775674776.8868756,
  "wiki/graphify-out/wiki/Community_2.md": 1775674776.886703,
  "local/note1.md": 1775674725.0013282,
  "local/note2.md": 1775674725.0014982
}