{
  "Untitled.md": 1775653595.8537233,
  "graphify-setup.md": 1775676599.4594934,
  "CLAUDE.md": 1775654756.2656324
}